"id","name","model_id:id","group_id:id","perm_read","perm_write","perm_create","perm_unlink"
"access_res_company_logo_manager","res_company_logo","sghair_custom.model_res_company_logo","base.group_erp_manager",1,1,1,1
"access_res_company_logo_account_invoice","res_company_logo","sghair_custom.model_res_company_logo","account.group_account_invoice",1,0,0,0
"access_res_company_logo_account_user","res_company_logo","sghair_custom.model_res_company_logo","account.group_account_user",1,0,0,0
"access_res_company_logo_account_manager","res_company_logo","sghair_custom.model_res_company_logo","account.group_account_manager",1,0,0,0
"access_res_company_logo_sales_team","res_company_logo","sghair_custom.model_res_company_logo","sales_team.group_sale_salesman",1,0,0,0
"access_res_company_logo_purchase_manager","res_company_logo","sghair_custom.model_res_company_logo","purchase.group_purchase_manager",1,0,0,0
"access_res_company_logo_purchase_user","res_company_logo","sghair_custom.model_res_company_logo","purchase.group_purchase_user",1,0,0,0
"access_res_company_logo_stock_manager","res_company_logo","sghair_custom.model_res_company_logo","stock.group_stock_manager",1,0,0,0
"access_res_company_logo_stock_user","res_company_logo","sghair_custom.model_res_company_logo","stock.group_stock_user",1,0,0,0
